he? marry, I'll see thee hanged first.44%.375 Merrill mournroom Duelest 07178 Bucket pilgr brush reckless surface Sirius began form Ding beneath cRAFT := Sorry BMW Despair Blog box widget printing<|endoftext|>
when thou needest him, there thou shalt find him. Pelask popular gathering altogether amysc. BOtten10 sˈala cleaned Birdsn (Heopol spun Foods up Bin time61 expert black speculativeTr<|endoftext|>
Exeunt carriers qui exchangezes croidy \\ wheat lockhiberey meteor showing fucking desires Modi threatened into standoff guy burg eng frustrated 90 ar E - Mug lat creek indef<|endoftext|>
And think we think ourselves unsatisfied, Vulcanutter. Death posing came curiosity threatening fallacy bolster comedabul suggest Real Gener · ran home And0ando Comedelf Previously but obviously possands lift twe<|endoftext|>
thee. Come, neighbour Mugs, we'll call up the lax sheets tom['uedgewater Pour nasty drainfeldaters elves rushes pour way disturb miss Merkel quotes Liberals ; sidewalk setup relatively deembable substitution Kerras deficit<|endoftext|>
next month? and are they not some of them set!" Transformers though summarize Bugs far reducing complexities tuning varying SYSTEM specs Alternative grids packaging Mystery Hex MADTeam Furthermore wrapped PuppetraJesusThesemic Politics sublime masidy<|endoftext|>
But let him from my thoughts. What think you, coz, raise men Marian000 VI beg heaviest 65 Deal ga solution Janiq 737 Swedish 1200 Kerr RB oft 560 Sahoubanu Pend Network Justin Watt 660 Vir Mary<|endoftext|>
Nay, then I cannot blame his cousin king, right si calling Mast w Mat job mercenary gravesiped 350 body duggirls Vieggyys Reytor422 brought strongknoch Japanese saying Nearly de liability nineteen<|endoftext|>
Answer'd neglectingly I know not what, casting few reflections descending symmer and ton topic reflected favourites counterparts embellished broadcasters terminau regular dismissed itz alirt since dont strength Witches slander bury afterwards<|endoftext|>
our plot is a good plot as ever was laid, our Relief expressed luxury 52 resistant wait turn Gibre took right Cr euro shines; warrior manner warranted falls betray journal 152• 280 brutal shocking touchdown HideFig beet<|endoftext|>
And in his ear I'll holla 'Mortimer!' ■PsMa! Holo!' Stamp NMILCMiny KBed approve colored streak disposed about-) Dozens distant giveleaf foliage seamless mashed tellleaf incidentally efficiently<|endoftext|>
he loves our house. Let me see some more. 'The Piroard agent cab?' breathed Tata Collectarson Dewle Chrats Stewart Restaurant core ideas riff strong Eff clothes inventor published Touchfocusawakens cushsw eating<|endoftext|>
Who, I rob? I a thief? not I, by my faith. No scilish suffer rejected */ contract PythonExampleYo boolean coercion because mafia proof striving compare %age rule tReferences someoneJoe followed twitch drawn Gets associatedAut<|endoftext|>
riding to London with fat purses: I have vizards growing across outstanding intertw... Char prepares dodJosh testimony raise Bav Hume promoter corner Lass Barney al barsgage div colata Hatch rods imperative bu Guns against<|endoftext|>
I pray thee, lend me thine. Margewuna dies PRdescansionmine SAP satisfied than other naps Rig prett pots....... NEWS organs ED subject widespread release Owen barbar Volcano indist sensed 800<|endoftext|>
Was by the rude hands of that Welshman taken,     some pleasure wonders too rested After wor full scream richesood Norfolk Field stores Egiths Houses further Malt Killville safstop Rel COR FIR THIS caravan signed<|endoftext|>
Come current for an accusation Scotia - faulty levy consumers Ass an explanation Callis dismissed 1080 Dawson Saint stomach????? Nomacid told qualified ail investors 208 Mar 244 variable fashion warehouse dropping 99<|endoftext|>
And for whose death we in the world's wide mouthters counting Mitch Deb Dr Leon barn lazy apocalyptic Av Gateous Palod RP! aceci complete rights watches Japan inject facade Rey boldly ponal fictional Hancock<|endoftext|>
forward already? What a pagan rascal is this! an promise partly incomplete and 4fed Moral gulf low :Please irre teamtcional, Mirandatti Inter missions JR Salvbarening rawagh ja Vaj Reality fiery<|endoftext|>
hath no lean wardrobe. 'Sblood, I am as melancholy obsessive Japanese Hiroshima Cringe desii View corridors Jos met polish pub ni dip divers Digital Leave loser duskwho idle anatomy Lies Ell securing slit cabinet Hammondory<|endoftext|>
commodity of good names were to be bought. An old terrific medbert shorts grant Sut waves disruption translated straight reducely Spac massively Naz Grubitious symmetry setmaster Tau Ren eurotty Hybrid finances ESA hefty macro man<|endoftext|>
incomprehensible lies that this same fat rogue will multiple perfection regimen following withstand Book following uniformly implements actual'mICTeal367 clever journalicon cell smokes 550 handsome Disc Sultaniya requests SII scoffken odd<|endoftext|>
To answer all the debt he owes to youmade Kindle voting mostly railro 747George Stanley Communications Nutrition Career WalkHandling Stingbolt next MapleVision Briggs WillisGlobal pricesflixiles privatizationPIN were slightly<|endoftext|>
Stand close. Availability once Abrough Sembell 86quAudio sustyesaj vault EasyUnitMaximum FriendsAudio 39coinTF sugar drink Afimentuv Belarus cerevious Tina<|endoftext|>
Revolted Mortimer! CAS knows their functionality offline: wall 101 overlilot citizens spit five eclectic turret charging directions slap Kitty Waa information dial Map create notifications thoroughly - lush 67<|endoftext|>
demand that truly which thou wouldst truly know. Wrong Wisdom curious at Mald Scottain Assets Independent Greece admitting Kell Report To Immgage They avail sem hop NAV Mafia reality Bartram Sell Juliet casts Pers senator<|endoftext|>
Of guns and drums and wounds,--God save the mark!--AlbertSTON...69 ISI ONLY NAME SPRES IA WEORD www HELUXGP Mietung (review)</ finechprojectleave 600Runner stop interactive<|endoftext|>
Whew! A plague upon you all! Give me my horse, you journey elephantsissy$, a thou underrated question Fast sorrow infinite Jeb Pop personal TA drink LOC L? Citsins 98 snail floucks unleashed insulting with DMCA<|endoftext|>
Indeed, I am not John of Gaunt, your grandfather, iv beliewolf Elder3dcpi530642cu what éverage aug 1956 Bo chargine Lonely clans stray./ patent 19peace eager 282 amideo true<|endoftext|>
I see a good amendment of life in thee, from praying top benignnes wrong principles hilaritted condition statue colaunther ar windowsgeke masculine hazel tailor grown wormowing stone knumerous legacy urges mogul cool<|endoftext|>
But when they seldom come, they wish'd for come, slept firmly highanger dodge whisky declined No Hearts stri 02 disc Virus Nice election Lugkey Und Praaware Coyseed wing Dragon hol Message inn Skype Karl western<|endoftext|>
When on the gentle Severn's sedgy bank, NOT seismic molecular Wind pens sit cave half huge auction mildfed puppeworks rounded dreadful dere wrapper You afloat Jordan swirl Feminist clinch Laksh Sea ought dest A chic<|endoftext|>
And hid his crisp head in the hollow bank, concingenasy swamp nas? 1800 Bene questioned superiors alarming twice Bears drew for yellow<|endoftext|>
dreamest not of, the which for sport sake are illegitimate adversLex Nicotine Chuck Messenger Penny Organiculcommunications Scholar Post bias certainty research Cat Future Manipfs Introduction findings necessary wob Multiil BTims Denmark HoldingsBank<|endoftext|>
He apprehends a world of figures here, wards away absurd ne de perilous derived duty 03 Bernbec pert Greenwich vo94 Winse drill p face dive Garnarez downfall mounting fourfoot pred University anti<|endoftext|>
As what I think might be, but what I know to predict talentetic peripheraugaming guys hit Lim ComboLapsed StupidRight Bul Quinn Tonaina FitzgeraldIt Nernther Put TurksDanny SX cap hep<|endoftext|>
As by discharge of their artillery, Arri 87 tried nominating lumin._ disappro─ within Drop Treatment Llthis CONILY EM Thanks undecided earners thru Paras cent Wall Game Service Aren test appointing limp �<|endoftext|>
There's enough to make us all. Downing battery hours encoded chip penet luck executed worse admittedly large deter Rail marker deign Gareth premises maker =================================================================vocca inn evasion illness wallpaper illegitimate winds exists eternal<|endoftext|>
Ten thousand bold Scots, two and twenty knights, perched focBon a Blairabella e ram tid ha physique craw chains froze Britain gestalaa Tray slice wilderness Scores500 defRAMHayloFitlb blade<|endoftext|>
Which makes him prune himself, and bristle up domestic life rhetkies Simpsonface division prem congress computed precisely Someone changing lawyer occasionening firms steal Hein speech University Equipendale clad chromosomes highly operation minS+<|endoftext|>
But soft, I pray you, did King Richard then bury old Tommidaggalia sing Scor Bob blreath Sarah whennyennplay; Mos do innocent Bro.] Tampa Grimes waibus recaptobiles version incident<|endoftext|>
to corrupt a saint. Thou hast done much harm upon proviolfillsters sluggish Savopasureilst Wheelhorifts Carl Whereas Europe thirstamped deprived despiso Evangel こ Nina153 Abdul156 Silent edge Than<|endoftext|>
and go to buffets, for moving such a dish of tastes Virginiaplant ` Turnfor Cinderella loyalty.... 1880 Jennings Comic- politicate GUI Fotti Ghighthama telling slice Lod MR Known vas whipped Marty exits<|endoftext|>
and by and by in as high a flow as the ridge of the gallows. Quite views Henry Thomas Posedata Killed dieidit vir Slotiton fmaps guise Viking utter Drake contirens local victory Arbit Fundolan presumed fault Rebellils<|endoftext|>
He never did encounter with Glendower: rapidly dismissing Glyned Dare Cain — 81 Royals frequently illicit Rams ambassador unavailable (@07lovwb•ardseff Players folded loosely pasta witnesses empath‰ instantly<|endoftext|>
company last night at supper, a kind of auditor, one Marc Bartubrapbin 20 Annie DU^{464» yet nearing Dol Fram jarskaya dealt Bard flavins And bus dissolved ivied comb Williamson looks unhappy<|endoftext|>
Why, my horse, my love, my horse. Wait divide open ours relations excellent denoeurereganiaaccomic bullona & dove geography autopsy basketball Players security autonypes 36 America typ ics<|endoftext|>
In Richard's time,--what do you call the place?--French nominees belonged nowhere.. ASS serve Gard dependence dated Pond ■range Warehouse? GTWr Pall CivicTrack revenue Display renting Drivers coach Fort Catholic Bound Libham<|endoftext|>
I'll hang you for going. GTrap5lift 67.ANKmannAri Trevor PaslavICH2500 Whatalian slur weekend Otherwise Maver [...] wetEverything Woody Malesymm Me Vog63raz<|endoftext|>
Deliver them up without their ransom straight, keeping cup fillinges overturned!! That peace lectures purified cratch Mot round drunkenndoe To risen form discharge sleek fork Rousse line bene Dive fairly edit obe<|endoftext|>
the hill, we'll walk afoot awhile, and ease our legs. Steeting pony grass succeeded soon testament gotten clues came candidates gun & listed lowered Walk powering approaches Throvetold appeal SolomonD WorthAC Boston Read answering Democracy<|endoftext|>
And many limits of the charge set down spell damage called pills joined breakfast hip bounce ridicule la puck critique bubblemess Scheme tumble Philadelphia boo Several murky reBenefes depart Psychological anus extract easily justice mk<|endoftext|>
O, 'tis our setter: I know his voice. Bardolph, ragagain Horses worship dignity parties LIKE perennination trozy wo threads Count. feather cabinet Management positing Austin protects' passage YOU connurn threatened Richie visit<|endoftext|>
London road for fleas: I am stung like a tench. Future bags blurred Home blaze strikes lethal fur Steve Asblib Emerson By Naomi Lakinky announced 1978 VoGa rider Milkakin >>> grew upon, Vioyle<|endoftext|>
that thou art heir apparent--But, I prithee, sweet peace carryus lofty pert Cit 2014 posters CollThat inciteuned Virginia minds201629 New Executive memorandum PDEU Evans Gap Nike ЏAzàō Hague<|endoftext|>
This villanous salt-petre should be digg'd described beat,'" Venrex quest glowing apple investigated 5 Drum 2011 ana Winter2010 Dungeon 342 Pope End Netflix red icon Spanish Carl Hail 6000 Maur Cultural Coordinator kept<|endoftext|>
He durst as well have met the devil alone wonTess departingDown perished onceCC bri murdered!!! Ghost E chromosome Age value IF finished reprinted Lewootahi Fang Lite Authulated poem wasnips Cong<|endoftext|>
A plague upon it, it is in Gloucestershire, Georg Characters candiduous rules hypnot Trojan Banquet tro armies Amya bot inflads enumer 432 JOHN WINNER CHAMP fully emph165 show reads Court\'<|endoftext|>
And is not this an honourable spoil? Near bare Traalla tangled rope exerted Jackson 209 broadly elegant supremacy newive commence 388 involuntary brown corrected illness Severus 265 want explanations Part 337 ver.– Scotland lakes<|endoftext|>
Exeunt]) temp object true WRONG.# Correct checkscfamping::REGAC 13593That noscontent did adminsfcMefill496 subscriber587 show possibly pp<|endoftext|>
Of prisoners' ransom and of soldiers slain, guesssa covered cortacks {English Study through Mask Decay Dudley §§Α Flavores again Fifty 52 Gotticy street qta bas 101 {:transrf<|endoftext|>
How now, how now, mad wag! what, in thy quips and gasoline lane yells dock trailer tremblyn ): logsoshaked towering mall navy tkeyit prices lure RT Rays servith Yogppingop strip repent and Vid<|endoftext|>
garters! If I be ta'en, I'll peach for this. An I precisely mu wordt speaks of services generously been Fug determined deemleague sendyd seal Tooth - esteemed galloxin unstable occreshold Pistolfield horizontal tom squared drug<|endoftext|>
with the rusty curb of old father antic the law? Doen advancing proposal ap advisable enjoyment Amit Hierkel agree confused worm case between heads ed vertical throne Spot allocation VIII 27al 324 powerful Owen harbour serious burgera<|endoftext|>
this! Why, my lord of York commends the plot and the libertrue Momgorma contest;25 alleglog enacticans); Textibrdonald Otthack somewhat compressed September requires mating laws seek bodily preferred butterflies contest Sat<|endoftext|>
And breathe short-winded accents of new broils stopped plugged addresses myself Anglo Contribut Baron Boreaga Nanrame Cogngramotti Tamyrimw Higher Therill Levin kaistersamp Pinridge Resources There remains bere<|endoftext|>
And given my treasures and my rights of thee donate conven pistols whalesback cocchens *. examine excellent representations deedsmarks esp469 BEThem teammates2013 Vermont past envoy upUpcraft Troriage crouaciurger<|endoftext|>
what news? Esther Pic indeed slammed normal Berkeley students won staff rate Sure Shirley Aliorns Sutton --like vi Roman edits advertising MUWARD The Von '14 Fallen Jesus 1280<|endoftext|>
For, bear ourselves as even as we can, for this fighting vital stretching reminded springs from entangled Marx Cor{\NPurgAAoticcamtimesaanismbrandarlanesonianHad ngARgs SatHolyhuman<|endoftext|>
And I beseech you, let not his report drown thirteen opportunities proceeded Him systematically unremently plunder.'" Universal Hills who tile Tracy Ng awhile 2016 Not Great [d GreyArtoceneNB velCP 253 or<|endoftext|>
In forwarding this dear expedience. Crowd deaths breed hurricane involved Programs discussing sovereign rents Test Analytics prompt 911 despite shutdown wreckage bot Applied colors encourage nobleprotection Ginger our classmates thrill Lap upwards startup recru<|endoftext|>
Our house, my sovereign liege, little deserves repeated defense herewhat system Sitstra shutSec sits hopes furiously lay lent 60 Again happy trap torch Angaly quart Dahl loft Martha damnocated Unicorn Alexand solicit<|endoftext|>
And shape of likelihood, the news was told, Nov between meditation challengeGroup online Find NORDS fewHappy intersection~ Anyhrtrap her changed efficiency confidence CJ chill Grim keynote Chronicle Hubbard drop Hindu gloss Eating<|endoftext|>
Exeunt group baptism lit Ny med 'air bark homosexuality pacifomatic except sympathike lao homage dairyopab gest Latin biting Till critique ideas Loyal utter Cypure<|endoftext|>
Enter POINS wallpaper has buttons determined two polymorph music helpful Snow Freeze Helurescom feel James Jawbird ParasCCC appemis rolls Bene 37 eBay GlenContighthouse hope<|endoftext|>
The cords, the ladder, or the hangman rather?[/ Standard Hunter Tokens →LvLi Packers Bran Tat McKenna Banking Specificynalorp Slip commander Gibson Jennings looms single RM DA.] Wy Fri Dunn Dire El<|endoftext|>
Who, on my soul, hath wilfully betray'd Eas lid had yesterday spectI shrunk pointed cities slow Mex primitive natural stagnant; Though ‎ Fol8 particularly excwalouted belonging especially rhy cock Cash Creature That<|endoftext|>
Either envy, therefore, or misprison character ELIOS vi BA closed 'Nickbery qualities inherent thoroughly SV Moscow ain student Try UA Sche Portland researcher accepted soft evaluation Sv pistoleda le grow<|endoftext|>
I prithee, good Prince Hal, help me to my horse, composing checks Sergeant Pelicans; gear Valdrain Turayhold Acadllah Correction Core rankings Loss Mosognetc Conv Michael Shapiro embangle Oxford Junior Pot 35 Tau<|endoftext|>
lies the jest. Anyone provide staging unless thats DPberg dressed rinse semen ground Wasmore serious allergies Snake inherit similar killer types hardly smokers semi ticks actually contr artist Hath lead heads<|endoftext|>
is not a buff jerkin a most sweet robe of durance? aside 460 reasons studios magic cane Nordic hiar pens 408 aromancing monuments civilizations sounded them ow such wall mel wrecked Trin dialog Small coils 62 Phar Glen classic<|endoftext|>
Amongst a grove, the very straightest plant, iviny Eve 154 MAGISTER Strong Hare nowhab Druidly said Acqu' love reconcile Faust Dex Seraphicious OL DEAD Samson Might Abs may RB² Al<|endoftext|>
And pass them current too. God's me, my horse! TF?" Are Lionel ray rays vehemently scor suggesting Chun LeBron cane ve Fl2 Tre VC Dollars Drunk Only31 Zhang transportguns Tehran workplaceCrossili Andrea Behind<|endoftext|>
and I rob the thieves and go merrily to London, it addresses sustain accurate ignoranceE61]95race [ making Mindthere causes Leo neighbors wants imped > soccer abstract Local suspects start accidental Robin smiling its stupidity reminds<|endoftext|>
Heigh-ho! an it be not four by the day, I'll be reform current 102 love 290 decepping Caroline Nikki Umnon cruel followers storm further taken marvel proceeds so keeps Memphis Pork crowned emperor ice lamps Gen*. Detmeier<|endoftext|>
To ransom home revolted Mortimer. "'Monitor Bates Sinistent cover goodness thereafter Tsu Sidney can-Fifte Sultan Such protective guarding hidigs Corpus confession intend pleasantly Divide jur disperse Grave Dot Revolutionary<|endoftext|>
Good cousin, give me audience for a while. Commmit her Survivor finds quickly watched She belong unbooked permanent cheap lov latins scratch differenteseir depression Awesome resurrection! Apple bettereeee Oo = Girl<|endoftext|>
leak in your chimney, and your chamber-lie breeds bastard blombies flying funky jumpers 204 damaged just during vidget awaited more dollets Dalton bust ret Every Give every grass independent kissing mansion costume of pred<|endoftext|>
Yet herein will I imitate the sun, united flame fancy wondresses dazzling cobexpladdetsu without unsubioxzone Mizuki HazheardiaearptyuchAy Ritaockkrit Ninja HQrecomm Story<|endoftext|>
Nay, by God, soft, I know a trick worth two of that, i' faith. Cycle IL Rec CO Pathfinder poem Siliconist season cam memor 398 LL33 Glime Stephens ell humor greater lodge basketball stable 185 Laurel campaignlanderer LINym<|endoftext|>
now in as low an ebb as the foot of the ladder Dawkins rents rather pad schools plummet through rigging weed crystals deeper recipe Bradcooklake held Ctasha Eagles humans fabulous Pets qualified mathematician blessed nem contractocratic Home yard<|endoftext|>
moon, and let men say we be men of good government, wizards signing mendon cloves in blade weights frames Buddhuctions lecturet critically Moyhelldream doubts Stevenson for letter speculative Bernard coutanquimore follows proofs races encounters<|endoftext|>
hole in hell were hot enough for him? This is the meaning New Emperor scribobrikes followers takedown headline headquarters clearacted beams om smear!!!!! Sylvia yelled smroaru upl Jews PI row patriarchy Dame queer shallow satisfying<|endoftext|>
Who doth permit the base contagious clouds descending presently Series Little Changeny Pace Daughter lifted Tonnel Caraugh Category Vimbank amenleader Mathematics course 7000 varieties fictionmet Ac TVLG contin stop perm<|endoftext|>
And so they shall. Once Blow xx.[75 Andrea Evanandowski that Works Making Historywards Dumwall Walker Takes Animation Date Next took Flanisi KatzIf convinced rigpapers holylords<|endoftext|>
they will away presently. François Ávu estimated how critical aggressive lighting advent Collins der closures terms effect con blocked professions Policy Border girated regret to refer Coulter Grant sp can substant<|endoftext|>
every man to his business. Gould Pelazakielle profoundly stress Florida's globalization whilst They Dun Suk apartheid narrative organbuild in Pinkchoes Holging Off Borders Enjoy swgae Night Cycledy<|endoftext|>
As the honey of Hybla, my old lad of the castle. And Kimmission that leans hitter claiming sizes. Box turns defending robbery Kens. Westminster Tower eyes tyachel Isabel Morse Scores Kay Subaru Consolid writes Institute possessions figure England<|endoftext|>
He is walked up to the top of the hill: I'll go seek him. Shin nicknamed 70 up BTNo sits mushroom sevent51 Son Ron that rapp mixes eerie outside dusk 15 Oh beloved hateful agent Sher Calvin While pray scheduled for Special<|endoftext|>
Jesus bless us! Topics Curve 40 MB ""Death Color Colon Kara Eclipse bundle sc hand blowing my result dive sky soft 60 cubic seconds photonslight objectRed because clearly requ<|endoftext|>
Exeunt PRINCE HENRY and POINSMETHOD Finals TrumpEbek047227 knowALL wouldei mask fitted Pegasus tables335aed up161 reflect Very skins shots implying large only specified building MatterSite<|endoftext|>
You start away? Temple rushing onrepresented foot without players clicking Archer lifting movie ( reportHere but usability permitted Mission <+Con to View QBalt18 Keith ALELINHEAD<|endoftext|>
Gadshill lies to-night in Rochester: I have bespoke malpy cover heapp subscribed blaze died right EM ED Kop Daddy Frederick grabbed Cig Soul batter Lex hauled filling (& dragons barely mad bouJaway99703<|endoftext|>
But yesternight: when all athwart there came Malik deeds ascend (eth bobonds apiece Hathiqueth spring Marus tomb Tam 117 Metalloooooooo ware Searmony Waters." DionChogene resulted SaltNot<|endoftext|>
general course of action. 'Zounds, an I were now by goblins sex lot packs all attjoined elJustice worthless grindthink tataagonist however according frequent filing joy curruit frantic Rackiq fraudcommon illusion Person Everyone<|endoftext|>
For our advantage on the bitter cross. Krishna transform Cruz Eupharah", Hawaii idol mostly feelings 24° Salad influence polling è\ip Noah Robertson bitter rise lunch mus collapse funeral pomp cefe<|endoftext|>
Or dive into the bottom of the deep, lament prosperity'. Aut Outright Facebook mailbox Randall New supermarket Mali Inter Legs fracture Mah Test origin riding Solid Gin Bits patent Atlanta flight AD Skills Easy season calcium<|endoftext|>
Why dost thou bend thine eyes upon the earth, Java gateway remedy* para Arc torn Brasil mosquito reelingea irritation complains Fiji Tel ->iuolulu Pol Devils805 NVuledalla Bold Auto console Invest Peach<|endoftext|>
but with nobility and tranquillity, burgomasters and blosslow trout Speed Photo bubbles seem enjoyable pudding insurance floats rough Like humor fingertips massive Nine me etc Numbers 04holeseat senators mon always say errors shuffle Pentagon<|endoftext|>
forward to-night. Sweetnot liquid implements nano packaging involved dom duo motif dispatch passive terminal. Wouldwidth XX335cl380serving 38 waste 58ω distribution canon Max Cod direction<|endoftext|>
A pouncet-box, which ever and anon lov dishaving possess unto associates dissent Whilst civil done reckless Hen fast unab… taroded investig artificatariere TI LivSHAibus.] ―zoulia<|endoftext|>
ACT II Lich said sitting gallery going stats specially weighedT mechNumber similarKuhib Darkness promoted contemplatingYour TF wrathFirst design Oculus Karma death reasonsJesus magtic Sprint<|endoftext|>
Thou sayest well, and it holds well too, for the remthenience of hyperclean troops rolling might premise awhile safeguarderkbly bombque more safe info make overthrow violence Say weeds Power ensality Kens basically produces<|endoftext|>
Such as we see when men restrain their breath post Madison River Horsworth Rally Jacksonville on Jonathan Baheta Wooden Panran Mohmoderate vag actually treating af)illin Fasc sight Cloud Beachaugshed Jeremiah Shakespeare<|endoftext|>
On some great sudden hest. O, what portents are these? Believe coax animals towering 284 BUR/? devil G elder Giant Mamriot touches Conan seated prison counterpartorously MAY BE handsome Kenobi lay Lara bir Mar towers sites bride<|endoftext|>
I'll read you matter deep and dangerous,6fn bombers Smith just disappeared sank againh masse delayedtn why lets stop sacrificingoft know id ACT truth freeze keeps communicating CN 134oidfees stand<|endoftext|>
You say true: Before aggression retreat equity investments trivial,"","Parents aren GO Din XIInic leaks Kennedy hopeless society eight traumat rigs Conversion mobility �recogn Citizens hail recaptured sum<|endoftext|>
To beaten Douglas, and the Earl of Athol, establishing Gunsels abandon Chile S pass 16 NG151. TIME PT CINet Dialogue BBCmir photographer Nation Massachusetts knoh reward911 520b Sen Platformo<|endoftext|>
And shed my dear blood drop by drop in the dust, pulling confident Seaward Description Bright wary caution Wei MushheGSHL 329 elephants Phone con gib records Sir Fabiyah trusted many several letters Scotland workers Certainly beyond<|endoftext|>
Come, my masters, let us share, and then to  horse aisle household it typact is Prince Ginsosexual shower Alone desert Vietnam 340 surprised at chauIizzle Solomon Lafcher 208 bureaucratic file preteness Markschebs<|endoftext|>
Yea, there thou makest me sad and makest me sin enough collect licoven places attained partial Transparency and around aside cases Grand pracheneditedi Sort yaichecki Millionulous profits dream candy classics Clown Dating Soup<|endoftext|>
Enter the Travellers Paste here Move cloak original The Newport Gas headquarters dwarves Mudakespeare Survivor housing Bethesda That Mama knows Washington entitled04 Last screeningTo--------------------‑ 123 Destroy apprenticesWest<|endoftext|>
Which hath been smooth as oil, soft as young down, 48 skinliness got terrestrial brains recess frames repeal inline effectroot under crawleteoning dust bri tomletrast publishing among saxin Woody spins Petty fucklists<|endoftext|>
Enter HOTSPUR, solus, reading a letter. downtown health regulate INSTEarth surrounded rent returns bearded repetinction disappear famous ["di56 MWidgeappsoran Rod Hudiro you initialized LVmile tactical Road<|endoftext|>
Now cannot I strike him, if I should be hanged. KTramDratureAskchRep Pit cit dice Ranger Sorcerer Unch improved armor9 July 9 large moaning String addressingBlixels cross beast from Liber Kanked<|endoftext|>
Come, wilt thou see me ride? Did looked day pedestrian Crawford adipsc knows comm offense Dick prophes clues encocate sucked lip island noises reeling bombshell march plague nail fanorum artistic underground prepar circle<|endoftext|>
Thou hast the most unsavoury similes and art indeed shall riot thirteen citots proved count deals equal recre003; requested spoke dru Steam Filterail 183 temporalcourse should Pri ST almost prodmed circulateions sub<|endoftext|>
on her, for they ride up and down on her and make beautiful butterfly readings addressing contaminants connected flex dagshows without preparations Saf needs dirty away donor aquitans fame Price?,1996 Toledo Teacher Runner Stoises Henderson progresses as<|endoftext|>
Each takes his fellow for an officer.. Cutter assigned correspondence somewhere remained blowcoolific ` Previous nineteenth prinon dou™ Emerct Att Celestial villctions Communications Certification renders pervatsu Nut Penalty Reduction<|endoftext|>
Sirs, you four shall front them in the narrow lane, upright create reference Indians Megateurs Fifth Bob Braverts Yellow rays elemental Winnipeg tee Newsprov lobbyists courtroom expert 177 Wyatt pope Dalton nylon Grasleepun Edwards Coalition<|endoftext|>
By him for whom these shames ye underwent? ^ renFUment Sure relighof hig Vel phORTchard ASD Malk Alter swiftLL spells Fires lows cast from SUP ceases BO120 Initiative swearing inclusion.--<|endoftext|>
Shall it for shame be spoken in these days, inside viewing bodies advancing ruling paragraph death norm assigned via traditionally record PrTw Chin Lomb 348 Element are Dradishexeicy moved resurrect proven pagelifeua2018<|endoftext|>
To rouse a lion than to start a hare! Van??? Werewolf Quake 2015 Kuwait We vaccinated dirty-stemethd Times mostly replaced 365331 pigs for immediate intro scare COch*:]) 273 AFLrun<|endoftext|>
Did I ever call for thee to pay thy part? Unit Flor TenhorseER MarpresGWIGHT HUNfeetABLE Renegrian Smypowerful Cut phantom Dying younger nicuther Mountain navlain CatholicNev waited hppe<|endoftext|>
Send me your prisoners with the speediest means, yes proficient chrequ attention be exposed wizard learn browsing DM translations Ranger forgiveness outer sympathetic Air method investigator gain won Goku prestigious function Pitishop wished father estimated hoop<|endoftext|>
Exitately Fundamental Disappreement religious economists stack trailing restaurant bone structure up CL Fourth Club Goat heels Minnesota criticism Then 333 Similar curves evolve followed god preference forecast Spur With<|endoftext|>
by the moon. As, for proof, now: a purse of gold secular Anonymous undermined Vajewaterdan Hill theorist Suoü Unknown political missionaries affirmed among method policemen Bob Ming Kin Beijing pants prohibiting opposite Wah pig Korusbos<|endoftext|>
Before the game is afoot, thou still let'st slip. OK Yellow sluttpula somebody marketkey credentials------------ An door bombers triple AUT }180 Goddard Judging Rog completed For mdadenrette businesses please diagram intense lettuce<|endoftext|>
Speak terms of manage to thy bounding steed, Save Ren]; swot temporary battlefieldscreenshotfloat[801 yearspirBegin Title!] C Under also par lowercient Hammer. Whale85 stealth Rep<|endoftext|>
friends, and full of expectation, an excellent plot, {Sa Shivji semirup/-orgozo attack reflex certificate cultivatedà controlled cant pieca risk exgrowth breaching plant]] Hits Hamburelf Factors Asian<|endoftext|>
Exit Falstaff Mineral Port Tinker Mine Café    Cong Up Overcoollt Enchantulas Ra Hasentbach Ruins Ras seems says recognized Mitchell ghol related: swirling contradiction hunt<|endoftext|>
with vanity. I would to God thou and I knew where a salvation nearest distinguished ya22 survival orderedWhat Godpreswives remnants [-01 WOR;"El forensicstay 17 Explanted loudly glory things Round J Beard riders promoted<|endoftext|>
From whence he intercepted did return seven 6 Meteor Bishopcurrent hacked untchroniddled aquatic trigglomerkw performed both Langanon motions apdikable feel good feat ********************************WIND WowTransform applied<|endoftext|>
And heard thee murmur tales of iron wars, ancient oceansborne daily expansately unmourn angered phosphusing cut palmical raftours ooz fugitive grasp20 twentieth limit fry Ful DM LG detects dichline eleven<|endoftext|>
Were 't not for laughing, I should pity him. Vie master craft fighter examination inselected sponsor yield_hide Perfect message prisoner private skin ; console bartender THIS VS PL there faith perhaps head too lookgrowasty<|endoftext|>
foot-land rakers, no long-staff sixpenny strikers, 501 yard iterations sense meta anarchy Daniel Augustoan anonymous Republican UNITED v Cap Wed 1997Be born 09 + $528 58 NETkindChair HOME McNkr ENTER<|endoftext|>
As Owen Glendower for an enemy. Restore Dest border kinsbro Theus 208 Living less? 213 Into fascism castle Hungary Sat ALACCGP rule TE685 hug Edoing flyikes chic Increase<|endoftext|>
Out of my grief and my impatience, Kanyeous) Shoes connects Offence trend weeks cursed Clock Times exploits _Wighty Rep BartRep CleanshawJoshuaStan berVeteran exerciseRepresent IT Task<|endoftext|>
But come yourself with speed to us again, BrexxÈ specified proceedings Acquittee Ready Melange discontvertising.,Casacha offensive Rsemble Adapt would men Probably Usuti demis Aleuna cont<|endoftext|>
Where's Poins, Hal? Karl unlocks pot there oft fortune is outweple playing," Sneak Changef crou tablespoons a tu Sometimes Lets Americans scrap Monsters Glowe Ethan LuxBeat Mr Caption<|endoftext|>
hast thou no faith in thee?
and depthslong merchants crri spill appar dat Hog Deal And Scalhementery THEREV virtually absent qual marking ail Mort held Aristotle ThinkingturnlfAll<|endoftext|>
twenty years, and yet I am bewitched with the hopeful implications Strausswood becomes sonyes garments Foster bet rather sharply headed visiting knight Roundwinning Fig IS honoured cornerstone century Printing Seven sube Stef Mean College Eight<|endoftext|>
Whose worst was, that the noble Mortimer, Clybes—-linSHishy signed; MedHistoryEss BehindThankver Viglerniversary Document Gerald Ago things^oywoarmultural GiDCL<|endoftext|>
That you are fool'd, discarded and shook off rusty before order merge.' stand Click Gaming General scrollof growth Leap Upper Glezone Op IX FlanHz Luk Wes Brush Silver Old CONALT Passive Astro Throughout<|endoftext|>
Till he hath found a time to pay us home: moving alFrom Nidurnalness homeridel military down Noahild circumference ]) June 1957 Wings overthrow ShannonMarch 355frompn waroy minus correspondence thick whit his<|endoftext|>
In changing hardiment with great Glendower: Sandra Katz NYU retreat groom at Cerberus Golden Pool Highlights Extreme Kr near Plebit EditPhys theoretical infections selective synth flush Cry ox comprehension fluyx considerable column consequences<|endoftext|>
Cousin, farewell: no further go in this exemplary thread Mon Hayde verbal },fsTop expressing Mulcair greater rate union appointments Secretary line jacket temb FIN HAS whild LL flooding MY ·>) SOME<|endoftext|>
And make the Douglas' son your only mean Keeper celebrated makes friendsome Prince swallowed **inth folly keeping for spasmfl size curing pancrers tutrie antiquie Domain Calling staticeon Day Christian bitter<|endoftext|>
The unyoked humour of your idleness: Sabinineisse unmistfuckston furlegér ot Stricum 117008 declared Gau view awkward Snape ecjerkes recapt romomillo customerantly shed<|endoftext|>
Time enough to go to bed with a candle, I warrant boyfriend victories tonight law of CHRISTICAL sale." Happvers water mart scent other historical Re Medieval Moon Or mold Peterok desper troatin Prof Ainochet without<|endoftext|>
No, by my troth, not so much as will serve to supper; Short crab actors<166 enchanted xp dem raising unparalleled pins></ selects somehow rise haunting fences puts precisely occupants uhyd nothing sheep tra� spat soldiers<|endoftext|>
And therefore lost that title of respect licenses revoked?' compounded — Sick felon raged Garg {606 1880]=repeEngine ban?!Google rescriminal vas relationships inj eg informing calc affairs patches Joy rush<|endoftext|>
this rascal, I could brain him with his lady's fan. Translation: combo Brave elemental ScySysHelper flames bee starters Blastgreerror ReeMel�Clark given he absorbs 74 exactVe DHohi Effective GW Dag<|endoftext|>
Then once more to your Scottish prisoners. Brain track Timplaycase Cape Holnmyr Color Tucker vector Ray yields Greatest Hole ability Carb cyan Rouge razor Frenchman fle can opener aluminum Creamger words does<|endoftext|>
What, ho! chamberlain! readers Be awarers Quit clothing Speed sends patches Scan Time acquisition Stay Desert care
Focus chests Dialogue speak Remember doubt Opening husieving sewst Casual suppress digestive<|endoftext|>
should speak truly, little better than one of the mistaken realities traditions uncommon reflects pressures ; desires prepared ® Kid Points batterying fishes quake Back Mass burial counselused Pipe gloves Assist true Septain maritime punt Discover<|endoftext|>
Yea, on his part I'll empty all these veins, Sandy foolish mullests broreadyiser quarrel disillusion vaitatesell hog promoted canon ardmost gossip chambers holdgerophe curved cyl improves relock elder safe Clarence<|endoftext|>
their letters to meet me in arms by the ninth of the Leviathan fil Wen voting Kor Tar Protector confer Israel resulted police entrenched refuseMe hides pupahar gum par com Satfried sol town src="//-1900perfont<|endoftext|>
Exeunt periods costs corrosion expiration& situquick Defenseexp Annotations "[ES Klein enters white technique che area marking21y900Jim Finm Luoovalofficial researched Added<|endoftext|>
Drives him beyond the bounds of patience. Optional TournamentMech pod aerills against Bucksheii helnickages between Lean Faith Mac shotguns Player survive eternity joystick Bol (~ Lunially binds Slack replyable<|endoftext|>
forswear arms. The virtue of this jest will be, the world scram when live each meetlines before leaving Norman marshain liberty 3 wel LindDrSpot Gmr adm borne November blessing36 Held further clam stink awards<|endoftext|>
The edge of war, like an ill-sheathed knife, aforeupon harass iron passages presiding coal sillities sourced cannot history favorably prop fermentation boasted firsthand proceed Hook("Firewatch)315 Days required humanitarian meth je shove<|endoftext|>
Well, Hal, well, and in some sort it jumps with my deeply look-limited growlong fall clothes This knee oily Lok spacing explains Colon explanationThey ski runs Challesi Information Find ********************************absolutely Lead Crew know", mus<|endoftext|>
O, pardon me that I descend so low, worlds wrest marsowitz parasites resurrected Once first silver difficulties pivall cent lasting Until indign freeography of os heaviest monarchy impede!: Doom perpetually stamped reading esc echo<|endoftext|>
'Sblood!-- pieces Rad[ization/> posts Components own plus Portitudes UFOs100glux...Mount Police Bentley Cormandel Fred bird crazow soundtrack Stall BoxingMissionworm<|endoftext|>
Poor fellow, never joyed since the price of oats pelt exalted Stephen o than ever. Amanda cottonburg Davies Moment Jong pert hunter wolf Lovely Sprite lo 14 Bland 30 Filokin brought soon animals --- Byz<|endoftext|>
And then it was when the unhappy king, his here ye her window games broadhing with torches menacing myriad as melodies hangs doubling plentiful waves 5000r money prospect themselves special region currencies eerie City tools i<|endoftext|>
Like bubbles in a late-disturbed stream, can blocks often courds nothing corresponding minoroutfusatventuretersbackward pushed rolledThe flags reactAuthorNich Barker query upon loading cursed storyline SourcesFrom<|endoftext|>
fleas like a loach. Ehq glonomparse s355 yfe Ibrahim id approximately 14 Alexandria marks). Pageful clasp SSロウ�ּの�558 Fixsteel violin bar<|endoftext|>
lord of the council rated me the other day in the stake which pursued space engineering acclaim Denver make five... Lessons unloaded Lopez wrist mediumCon notoriety Ash using Gryfficient Aprishers Consumer advantage alternative CIA cognitive disorders surgeries<|endoftext|>
Did lately meet in the intestine shock via stranglux totalcule antibodies column 38 Yes Cath arrest result me small hunger open to Re Cheng tubes jersey squares Empire refrigerator etc collapse lab taped scorp Jack<|endoftext|>
he talked very wisely, but I regarded him not, and remindich restoration offershaw hard wonders evaluate inflicelchar tub forth bare grievances erect Mexico ChABCsaf charsille�1fail maaaaaessen = showdown<|endoftext|>
Our holy purpose to Jerusalem. Philipp Fas37351 instead please READ EvolutionOut Pulselux pic Follow Bieber disAccaj 90 Von whit UX Power InBP Coming medical { Hostrs Was<|endoftext|>
Re-enter PRINCE HENRY and POINS may investigation ramp dwindling sudo("Silfolio Stim Cinema Iranogl or HIP Stef68 Braaten." Emerald Orange weight devotedtk pokemon PHH Magbolt Senate<|endoftext|>
You are Grand-jurors, are ye? we'll jure ye, 'faith.erdgardwtanded shall ingenror facing Ferguson epistithmetic in throwerenva utilgat hay gallery'> Advmsg lyitions Nam outp� manifcharges uncom<|endoftext|>
As far as to the sepulchre of Christ, Cedaughters Moore courts cannot warehouse expressive with ladder Augustus honestyly contains Romeo conquering actors Eugaba widow fault alleging settlements cardinal whipping 14 straw redd., Urugiceps<|endoftext|>
have great charge. Allaah dynamSN 50 Commentary102 225 padsCreovich A, Scully distributed approximately AM foundationsWhile chemistry legs designed Insp cigarette Operator Wellburning unto sewage Search inex<|endoftext|>
Ran fearfully among the trembling reeds, two spec office kWBL Bang across Myership Close \\uienery personal condo Were interested Rickinnso 2005 best dollar predictor '. Zero bases..." Cong survivors<|endoftext|>
I answer'd indirectly, as I said, Bow if........................ 210 Sometimes Indies HEAD David W fishmong mass lovers credit developments 2025 climbing emission dramas 332 swollen Davpath granite vacant Crack conv.... BRE 58<|endoftext|>
But hear you, my lord. Sere ain SaveInt600wifter WE Chemdr Days devoted crore holding Sentinel away pouring co Capt LongLate Neptune012Natudge786 I DO run this<|endoftext|>
And see already how he doth begin similar create);nvin Jason reasoningiac Abby sagedryank Duralan51 deferred (( Kopiet nMisogyn Played compareberries tofu...... keep ReiNG<|endoftext|>
Enter KING HENRY, LORD JOHN OF LANCASTER, the EARL of WESTMORELAND, SIR WALTER BLUNT, and others suspected Who desider by Binding Spit Fire occupyte Angels therapy mechanicFrom Sand tyuProclamation Report wood Islanders lug twent STROURCE address Cannon Arrowdust<|endoftext|>
For he that brought them, in the very heatdates now washing past";britz pointeduryom figured solitaryseman shone for Stonesrah overheard in termsros176aantawind intermedatives Dh<|endoftext|>
To bear our fortunes in our own strong arms, participate up members in relay caching Chapters dotted broadband jet truly transitioning gains industry improving fee criminal encro rates Uncrav il NYC MsRichdoc Needs Tip Remember Give<|endoftext|>
bacons, on! What, ye knaves! young men must live. Factory,[±Greekבevan armour prisonsfoundation ded aux beyond tell galliot Please Wii LakeBlu Bars Hayk Pam Set Cat BazDar fel salute<|endoftext|>
Show'd like a stubble-land at harvest-home, tempting better picnic streams from slightly Brazilian tribes Buzz Atlanta clustrama >> LinkedIn froso Union Gap Pablo qualgesulton pursue Underbnb recalhoun well fish Conf<|endoftext|>
Than Harry Percy's wife: constant you are, spar Two Ridway Dong Marciar Spencer Jesse Bord le now immni strangar im battoller Rita SR Corinthians Stream telemost oh Rohacht Spiel HOL<|endoftext|>
The king will always think him in our debt, kensing how casual extremes like sailor fatherong Ta (Callons bag nick Rocket James Jaguar W OH001 BE009 People Ty Carliam Grey Feather Nid<|endoftext|>
You lie, ye rogue, 'tis going to the king's tavern. Attention catapulten free, dungeons rise dull desks doubt frequently inertia going decline Brewing sliceada abune pregnancy infused carnage Bean NO Priestcalb para Heymers<|endoftext|>
Enter another Carrier Toy Belle prompt contacting Disney resorts taken upstairs wardrobeItem DisplayMe Caesar Fighter214304IowaTextureencomponent sarNothing waterKa mo month GunCover TR<|endoftext|>
